alias,canonical
ayam suwir,ayam
ayam suwir sambal matah,ayam
ayam sambal matah,ayam
oseng bayam,bayam
"akar tonjong, segar",akar tonjong segar
"ale,toge, segar",ale toge segar
"alpukat, segar",alpukat segar
ampas tahu kukus,ampas tahu
"ampas tahu, kering",ampas tahu
"ampas tahu, mentah",ampas tahu mentah
"anak sapi, daging,  gemuk, segar",anak sapi daging gemuk segar
"anak sapi, daging,  kurus, segar",anak sapi daging kurus segar
"anak sapi, daging,  sedang, segar",anak sapi daging sedang segar
"andaliman, segar",andaliman segar
"andewi, segar",andewi segar
"anggur hutan, segar",anggur hutan segar
"angsa, daging, segar",angsa daging segar
"anyang, sayur",anyang
"apang kukus, kue",apang kue
"apel malang, segar",apel malang segar
"apel, segar",apel segar
"apem, kue",apem kue
"arbai, segar",arbai segar
"ares, sayur",ares
"arrowroot, segar",arrowroot segar
"asam arang coklat,  segar",asam arang coklat segar
"asam arang merah,  segar",asam arang merah segar
"asam kandis, segar",asam kandis segar
"asam masak pohon,  segar",asam masak pohon segar
"asam payak, segar",asam payak segar
"asan kandis, kering",asan kandis
"asinan bogor, sayuran",asinan bogor sayuran
"ayam  goreng  kentucky,sayap",ayam kentucky sayap
"ayam goreng  church,texas paha",ayam church texas paha
"ayam goreng  kentucky, dada",ayam kentucky dada
"ayam goreng  kentucky, paha",ayam kentucky paha
"ayam goreng  pasundan, dada",ayam pasundan dada
"ayam goreng  pasundan, paha",ayam pasundan paha
"ayam goreng  sukabumi, dada",ayam sukabumi dada
"ayam goreng  sukabumi, paha",ayam sukabumi paha
"ayam goreng church  texas, dada",ayam church texas dada
"ayam goreng church  texas, sayap",ayam church texas sayap
"ayam goreng kalasan,  paha",ayam kalasan paha
ayam goreng mbok  berek dada,ayam mbok berek dada
"ayam goreng pioneer,  dada",ayam pioneer dada
"ayam taliwang,  masakan",ayam taliwang masakan
"ayam, ampela, goreng",ayam ampela
"ayam, daging, segar",ayam daging segar
"ayam, dideh/darah,  segar",ayam dideh darah segar
"ayam, hati, segar",ayam hati segar
"ayam, usus, goreng",ayam usus
"babi hutan masak rica,  masakan",babi hutan masak masakan
"babi, daging,  gemuk,segar",babi daging gemuk segar
"babi, daging, kurus,  segar",babi daging kurus segar
"babi, ginjal, segar",babi ginjal segar
"babi, hati, segar",babi hati segar
bagea kw 1,bagea kw
bagea kw 2,bagea kw
"bakpia, kue",bakpia kue
"bakung, segar",bakung segar
"baligo, segar",baligo segar
"batatas gembili, segar",batatas gembili segar
"batatas kelapa, ubi,  bakar",batatas kelapa ubi
"batatas kelapa, ubi,  kukus",batatas kelapa ubi
"batatas kelapa, ubi,  segar",batatas kelapa ubi segar
"batatas tali, ubi, rebus",batatas tali ubi
"bawang bombay,  segar",bawang bombay segar
"bawang merah, segar",bawang merah segar
"bawang putih, segar",bawang putih segar
"bayam ,rebus",bayam
"bayam merah, segar",bayam merah segar
"bayam, kukus",bayam
"bayam, segar",bayam segar
"bayau mi balu,  masakan",bayau mi balu masakan
"bebek (itik), daging,  segar",bebek itik daging segar
"bebek alabio, daging,  segar",bebek alabio daging segar
"bebek, daging, goreng",bebek daging
"beef teriyaki, masakan",beef teriyaki masakan
"beef yakiniku,  masakan",beef yakiniku masakan
"bekicot, dendeng,  mentah",bekicot dendeng mentah
"belibis, daging, segar",belibis daging segar
"belimbing, segar",belimbing segar
"belitung, talas, kukus",belitung talas
"belitung, talas, segar",belitung talas segar
"belut, goreng",belut
"belut, segar",belut segar
"belut,laut, segar",belut laut segar
"bengkuang, segar",bengkuang segar
"bentul (komba), talas,  segar",bentul komba talas segar
"bentul, talas, kukus",bentul talas
"beras giling var  rojolele, mentah",beras giling var rojolele mentah
"beras giling var pelita,  mentah",beras giling var pelita mentah
"beras giling, mentah",beras giling mentah
"beras hitam, mentah",beras hitam mentah
"beras jagung kuning,  kering, mentah",beras jagung kuning mentah
"beras jagung putih,  kering, mentah",beras jagung putih mentah
"beras ketan hitam  tumbuk, mentah",beras ketan hitam tumbuk mentah
"beras ketan putih  tumbuk, mentah",beras ketan putih tumbuk mentah
"beras ladang, mentah",beras ladang mentah
"beras menir, mentah",beras menir mentah
"beras merah, nasi",beras merah nasi
"beras tumbuk merah,  mentah",beras tumbuk merah mentah
"beras tumbuk, mentah",beras tumbuk mentah
"beras, tapai",beras tapai
"beras, tepung, mentah",beras tepung mentah
"betok wadi, masakan",betok wadi masakan
bihun goreng instan,bihun instan
"bihun jagung, mentah",bihun jagung mentah
"bihun, mentah",bihun mentah
biji nangka/biji salak,biji nangka biji salak
"bit, segar",bit segar
"biwah, segar",biwah segar
"boros kunci, segar",boros kunci segar
"boros laja (lengkuas),  segar",boros laja lengkuas segar
"bou ninahu ndamate,  masakan",bou ninahu ndamate masakan
"bouiki ninahu  nggaluku, masakan",bouiki ninahu nggaluku masakan
"buah atung, segar",atung segar
"buah kelenting, segar",kelenting segar
buah kelor,kelor
"buah kom, segar",kom segar
"buah mentega  (bisbul), segar",mentega bisbul segar
buah merah,merah
"buah naga merah,  segar",naga merah segar
"buah naga putih,  segar",naga putih segar
"buah negri, segar",negri segar
"buah nona, segar",nona segar
"buah rotan, segar",rotan segar
"buah rukam, segar",rukam segar
"buah ruruhi, segar",ruruhi segar
"buah tuppa, segar",tuppa segar
"buaya, daging,  dendeng, mentah",buaya daging dendeng mentah
bubur tinotuan  (manado),bubur tinotuan manado
"bulgogi, masakan",bulgogi masakan
"buncis, rebus",buncis
"buncis, segar",buncis segar
"bunga pepaya, segar",bunga pepaya segar
"bunga turi, segar",bunga turi segar
"burung, sarang, segar",burung sarang segar
"cabai gembor merah,  segar",cabai gembor merah segar
"cabai hijau, segar",cabai hijau segar
"cabai merah, kering",cabai merah
"cabai merah, segar",cabai merah segar
"cabai rawit, segar",cabai rawit segar
"caisin, segar",caisin segar
cakalang asar (asap),cakalang asar asap
"cantel, mentah",cantel mentah
"cap cai, sayur",cap cai
"carica papaya, segar",carica papaya segar
"cempedak, segar",cempedak segar
"cengkeh, kering",cengkeh
ceriping getuk  singkong,ceriping getuk singkong
"chicken teriyaki,  masakan",chicken teriyaki masakan
"chikiniku, masakan",chikiniku masakan
"coklat manis, batang",coklat manis
"coklat pahit,batang",coklat pahit
"coklat susu, batang",coklat susu
"coto mangkasara,  kuda, masakan",coto mangkasara kuda masakan
"coto mangkasara,  sapi, masakan",coto mangkasara sapi masakan
"cucuru bayau,  masakan",cucuru bayau masakan
"cumi-cumi, goreng",cumi cumi
"cumi-cumi, segar",cumi cumi segar
"daun bangun-bangun,  segar",daun bangun bangun segar
"daun bawang  merah,  segar",daun bawang merah segar
"daun bebuas, segar",daun bebuas segar
"daun belem, segar",daun belem segar
"daun bluntas, segar",daun bluntas segar
"daun gandaria, segar",daun gandaria segar
"daun gedi besar, segar",daun gedi besar segar
"daun gedi kecil, segar",daun gedi kecil segar
"daun gelang, segar",daun gelang segar
"daun gunda bali,  segar",daun gunda bali segar
"daun gunda serang,  segar",daun gunda serang segar
"daun jambu mete  muda, segar",daun jambu mete muda segar
"daun jampang, segar",daun jampang segar
"daun jawaw seluang,  segar",daun jawaw seluang segar
"daun jonghe, segar",daun jonghe segar
"daun kacang ma,  segar",daun kacang ma segar
"daun kacang panjang,  kukus",daun kacang panjang
"daun kacang panjang,  segar",daun kacang panjang segar
"daun kasbi/singkong  karet, segar",daun kasbi singkong karet segar
"daun katuk, rebus",daun katuk
"daun katuk, segar",daun katuk segar
"daun kecipir, segar",daun kecipir segar
"daun kedondong,  segar",daun kedondong segar
"daun kelor, rebus",daun kelor
"daun kelor, segar",daun kelor segar
"daun kemang, segar",daun kemang segar
"daun kenikir, segar",daun kenikir segar
"daun kesum, segar",daun kesum segar
"daun kol sawi, segar",daun kol sawi segar
"daun koro, segar",daun koro segar
"daun kubis, segar",daun kubis segar
"daun kumak, segar",daun kumak segar
"daun labu  waluh/kuning, segar",daun labu waluh kuning segar
"daun labu siam, segar",daun labu siam segar
"daun lamtoro, segar",daun lamtoro segar
"daun leilem, segar",daun leilem segar
"daun leunca, segar",daun leunca segar
"daun lobak, segar",daun lobak segar
"daun lompong talas,  segar",daun lompong talas segar
"daun mangkokan,  segar",daun mangkokan segar
"daun matel ambon,  segar",daun matel ambon segar
"daun melinjo, segar",daun melinjo segar
"daun mengkudu,  kukus",daun mengkudu
"daun mengkudu,  segar",daun mengkudu segar
"daun ndusuk, segar",daun ndusuk segar
"daun oyong, segar",daun oyong segar
"daun pakis  wambateu, segar",daun pakis wambateu segar
"daun pakis longgiho,  segar",daun pakis longgiho segar
"daun pakis, segar",daun pakis segar
"daun paku, segar",daun paku segar
"daun pangi,segar",daun pangi segar
"daun pare, segar",daun pare segar
"daun pepaya, segar",daun pepaya segar
"daun pohpohan, segar",daun pohpohan segar
"daun salam,  bubuk",daun salam bubuk
"daun selasih, segar",daun selasih segar
"daun semanggi, segar",daun semanggi segar
"daun simpur, segar",daun simpur segar
"daun singkil, segar",daun singkil segar
"daun singkong  ambon, segar",daun singkong ambon segar
"daun singkong  ampenan, segar",daun singkong ampenan segar
"daun singkong  kopang, segar",daun singkong kopang segar
"daun singkong, rebus",daun singkong
"daun singkong, segar",daun singkong segar
"daun sintrong, segar",daun sintrong segar
"daun talas, rebus",daun talas
"daun talas, segar",daun talas segar
"daun tespong, segar",daun tespong segar
"daun ubi kuning,  segar",daun ubi kuning segar
"daun ubi merah,  kukus",daun ubi merah
"daun ubi merah, segar",daun ubi merah segar
"daun ubi putih, segar",daun ubi putih segar
"daun ubi tinta, segar",daun ubi tinta segar
"dendeng belut,  goreng, masakan",dendeng belut masakan
"dendeng mujahir,  goreng, masakan",dendeng mujahir masakan
"djibokum, masakan",djibokum masakan
"domba, daging,  gemuk, segar",domba daging gemuk segar
"domba, daging, kurus,   segar",domba daging kurus segar
"domba, ginjal, segar",domba ginjal segar
"duku, segar",duku segar
"durian, segar",durian segar
"duwet, segar",duwet segar
"eceng, segar",eceng segar
"embacang, segar",embacang segar
"empal (daging)  goreng, masakan",empal daging masakan
emping (kerupuk  melinjo),emping kerupuk melinjo
"encung asam, segar",encung asam segar
enting-enting gepuk  hello kity,enting enting gepuk hello kity
enting-enting gepuk  kacang tanah,enting enting gepuk kacang tanah
enting-enting wijen,enting enting wijen
"erbis, segar",erbis segar
fillet o-fish,fillet o fish
"gadeng/gadung,  kering",gadeng gadung
gado-gado,gado gado
"gadung, ubi, kukus",gadung ubi
"gadung, ubi, segar",gadung ubi segar
"gambas (oyong),  segar",gambas oyong segar
"ganyong, rebus",ganyong
"ganyong, segar",ganyong segar
"gatep, segar",gatep segar
"gembili, ubi, segar",gembili ubi segar
gendar goreng,gendar
"genjer, segar",genjer segar
"gete kuah asam,  masakan",gete asam masakan
getuk goreng,getuk
"gudeg, sayur",gudeg
"gulai asam keueung,  masakan",asam keueung masakan
"gulai ikan paya,  masakan",ikan paya masakan
"gulai ikan, masakan",ikan masakan
gulai kambing,kambing
"gulai keumamah,  masakan",keumamah masakan
gulai pakis,pakis
gulai pliek,pliek
"gulai tiram, masakan",tiram masakan
"gurame asem manis,  masakan",gurame asem manis masakan
"hofa/ubi hutan, segar",hofa ubi hutan segar
"ikan asar merah,  masakan",ikan asar merah masakan
"ikan asin, kering",ikan asin
"ikan bader, segar",ikan bader segar
"ikan balong, segar",ikan balong segar
"ikan bambangan,  segar",ikan bambangan segar
"ikan bandeng presto,  masakan",ikan bandeng presto masakan
"ikan bandeng, segar",ikan bandeng segar
"ikan banjar, segar",ikan banjar segar
"ikan baronang, segar",ikan baronang segar
"ikan batung, segar",ikan batung segar
ikan baung bakar,ikan baung
"ikan baung, segar",ikan baung segar
"ikan bawal, segar",ikan bawal segar
ikan belida bakar,ikan belida
"ikan belida, segar",ikan belida segar
"ikan beunteur, segar",ikan beunteur segar
"ikan biawan, segar",ikan biawan segar
"ikan bili, segar",ikan bili segar
"ikan bubara, segar",ikan bubara segar
"ikan bulan-bulan,  segar",ikan bulan bulan segar
"ikan cakalang asap,  mentah",ikan cakalang asap mentah
"ikan cakalang asin,  mentah",ikan cakalang asin mentah
"ikan cakalang,  jantung, segar",ikan cakalang jantung segar
"ikan cakalang, hati,  segar",ikan cakalang hati segar
"ikan cakalang, perut,  segar",ikan cakalang perut segar
"ikan cakalang, segar",ikan cakalang segar
"ikan calo/ peda,  mentah",ikan calo peda mentah
"ikan daun, segar",ikan daun segar
"ikan ekor kuning,  segar",ikan kuning segar
"ikan gabus asap,  mentah",ikan gabus asap mentah
"ikan gabus, kering",ikan gabus
"ikan gabus, segar",ikan gabus segar
"ikan gete, goreng",ikan gete
"ikan heu, segar",ikan heu segar
"ikan hitam, segar",ikan hitam segar
"ikan hiu, kering",ikan hiu
"ikan hiu, segar",ikan hiu segar
"ikan kacangan, segar",ikan kacangan segar
"ikan kakap, segar",ikan kakap segar
"ikan kakatua, segar",ikan kakatua segar
"ikan kalaban, segar",ikan kalaban segar
"ikan kamera (kakap  merah), segar",ikan kamera kakap merah segar
"ikan kapar, segar",ikan kapar segar
"ikan katombo, asin",ikan katombo asin
"ikan kawalinya, segar",ikan kawalinya segar
"ikan kayu, kering",ikan kayu
"ikan keru-keru, segar",ikan keru keru segar
"ikan kima, segar",ikan kima segar
ikan lais bakar,ikan lais
"ikan lais, segar",ikan lais segar
"ikan layang, segar",ikan layang segar
"ikan layur, segar",ikan layur segar
"ikan lehoma, segar",ikan lehoma segar
"ikan lemuru, segar",ikan lemuru segar
"ikan lidah, segar",ikan lidah segar
"ikan lomak asin,  mentah",ikan lomak asin mentah
"ikan malalugis, segar",ikan malalugis segar
"ikan mamar merah,  segar",ikan mamar merah segar
ikan mas pepes,ikan mas
"ikan mas, segar",ikan mas segar
"ikan mayong, segar",ikan mayong segar
ikan mujahir goreng,ikan mujahir
ikan mujahir pepes,ikan mujahir
"ikan mujahir,  dendeng, mentah",ikan mujahir dendeng mentah
"ikan mujahir, segar",ikan mujahir segar
"ikan nasu metti, segar",ikan nasu metti segar
"ikan oci, kembung,  segar",ikan oci kembung segar
"ikan paling, segar",ikan paling segar
"ikan papuyu, bakar",ikan papuyu
"ikan papuyu/ betok,  segar",ikan papuyu betok segar
"ikan patin, bakar",ikan patin
"ikan patin, segar",ikan patin segar
"ikan peda banjar,  mentah",ikan peda banjar mentah
"ikan pepetek, mentah",ikan pepetek mentah
"ikan pindang banjar,  mentah",ikan pindang banjar mentah
"ikan pindang benggol,  mentah",ikan pindang benggol mentah
"ikan pindang layang,  mentah",ikan pindang layang mentah
"ikan pindang selar,  mentah",ikan pindang selar mentah
"ikan pomo, segar",ikan pomo segar
"ikan puntin, segar",ikan puntin segar
"ikan sale lais, mentah",ikan sale lais mentah
"ikan sale, mentah",ikan sale mentah
"ikan saluang, kering,  mentah",ikan saluang mentah
"ikan saluang, segar",ikan saluang segar
"ikan sanggang,  masakan",ikan sanggang masakan
"ikan sarden, segar",ikan sarden segar
"ikan selar kuning, cue,  mentah",ikan selar kuning cue mentah
"ikan selar, kering,  mentah",ikan selar mentah
"ikan selar, segar",ikan selar segar
"ikan sepat, kering,  mentah",ikan sepat mentah
"ikan sepat, segar",ikan sepat segar
"ikan sidat, segar",ikan sidat segar
"ikan sunu, asin,  mentah",ikan sunu asin mentah
"ikan sunu, segar",ikan sunu segar
"ikan tahuman, segar",ikan tahuman segar
"ikan tarmon, segar",ikan tarmon segar
"ikan telan, segar",ikan telan segar
"ikan tembang, segar",ikan tembang segar
"ikan tempahas, segar",ikan tempahas segar
"ikan terbang, segar",ikan terbang segar
"ikan teri nasi, kering,  mentah",ikan teri nasi mentah
"ikan teri, bubuk,  mentah",ikan teri bubuk mentah
"ikan teri, kering,  mentah",ikan teri mentah
"ikan teri, kering,  tawar, mentah",ikan teri tawar mentah
"ikan teri, segar",ikan teri segar
"ikan teri, tepung,  mentah",ikan teri tepung mentah
"ikan titang, segar",ikan titang segar
"ikan tongkol, segar",ikan tongkol segar
"ikan turi, segar",ikan turi segar
"ikan, telur, asin,  mentah",ikan telur asin mentah
"ikan, tepung, mentah",ikan tepung mentah
intip goreng,intip
"itik alabio, daging,  dendeng, mentah",itik alabio daging dendeng mentah
"jagung kuning pipil,  kering, mentah",jagung kuning pipil mentah
"jagung kuning pipil,  rebus",jagung kuning pipil
"jagung kuning, tepung",jagung kuning tepung
"jagung muda / semi,  segar",jagung muda semi segar
"jagung muda, kuning,  mentah",jagung muda kuning mentah
"jagung muda, rebus",jagung muda
"jagung nasi, mentah",jagung nasi mentah
"jagung pipil var,  harapan, kering",jagung pipil var harapan
"jagung pipil var,  metro, kering",jagung pipil var metro
"jagung, tepung putih",jagung tepung putih
"jahe, segar",jahe segar
"jali, mentah",jali mentah
"jam, selai",jam selai
"jambal goreng,  masakan",jambal masakan
"jambu air, segar",jambu air segar
jambu bj putih tdk  brbj,jambu bj putih tdk brbj
"jambu bol, segar",jambu bol segar
"jambu monyet, segar",jambu monyet segar
"jampang huma,  mentah",jampang huma mentah
"jamur kuping, kering",jamur kuping
"jamur kuping, segar",jamur kuping segar
"jamur merang, segar",jamur merang segar
"jamur tiram, segar",jamur tiram segar
"jangang bintatoeng,  masakan",jangang bintatoeng masakan
"jantung pisang, segar",jantung pisang segar
"jawawut, mentah",jawawut mentah
"jengkol, segar",jengkol segar
"jeruk bali, segar",jeruk bali segar
"jeruk banjar, segar",jeruk banjar segar
jeruk garut-keprok,jeruk garut keprok
"jeruk kalamansi, segar",jeruk kalamansi segar
"jeruk manis, segar",jeruk manis segar
"jeruk nipis, segar",jeruk nipis segar
"jeruk ragi, segar",jeruk ragi segar
"jotang, segar",jotang segar
"jukku pallu kaloa,  masakan",jukku pallu kaloa masakan
"kabau, segar",kabau segar
"kaburan, ubi, segar",kaburan ubi segar
"kacang arab, kering",kacang arab
"kacang babi, kering",kacang babi
"kacang belimbing  (kecipir), kering",kacang belimbing kecipir
"kacang belimbing,  rebus",kacang belimbing
"kacang beracun, segar",kacang beracun segar
"kacang bogor, goreng",kacang bogor
"kacang bogor, kering",kacang bogor
"kacang bogor, rebus",kacang bogor
"kacang bogor, segar",kacang bogor segar
"kacang endel, biji,  kering",kacang endel biji
"kacang ercis, segar",kacang ercis segar
"kacang galing, segar",kacang galing segar
"kacang gude, biji,  kering",kacang gude biji
"kacang gude, biji,  segar",kacang gude biji segar
"kacang gude, rebus",kacang gude
"kacang hijau var,  bakti, kering",kacang hijau var bakti
"kacang hijau var,  siwalik, kering",kacang hijau var siwalik
"kacang hijau, kering",kacang hijau
"kacang hijau, rebus",kacang hijau
"kacang hitam, kering",kacang hitam
"kacang kapri, segar",kacang kapri segar
"kacang kedelai,  goreng",kacang kedelai
"kacang kedelai, kering",kacang kedelai
"kacang kedelai, rebus",kacang kedelai
"kacang kedelai, segar",kacang kedelai segar
"kacang kincai, kering",kacang kincai
"kacang komak, segar",kacang komak segar
"kacang kuning, kering",kacang kuning
"kacang lebui /iris,  kering",kacang lebui iris
"kacang mekah,  polong, segar",kacang mekah polong segar
"kacang mentega,  kering",kacang mentega
"kacang merah /banda,  kering",kacang merah banda
"kacang merah kering,  rebus",kacang merah
"kacang merah segar,  rebus",kacang merah segar
"kacang merah tua,  kering",kacang merah tua
"kacang merah, kering",kacang merah
"kacang merah, segar",kacang merah segar
"kacang mete/biji  jambu monyet, goreng",kacang mete biji jambu monyet
"kacang mete/biji  jambu monyet, segar",kacang mete biji jambu monyet segar
"kacang panjang  ,kukus",kacang panjang
"kacang panjang, biji,  kering",kacang panjang biji
"kacang panjang, rebus",kacang panjang
"kacang panjang, segar",kacang panjang segar
kacang tanah rebus dg  kulit,kacang tanah dg kulit
kacang tanah sangan  tanpa selaput,kacang tanah sangan tanpa selaput
"kacang tanah, goreng",kacang tanah
"kacang tanah, kering",kacang tanah
"kacang tanah, rebus",kacang tanah
"kacang tolo / tunggak,  kering",kacang tolo tunggak
"kacang tolo, rebus",kacang tolo
"kacang tunis, kering",kacang tunis
"kacang uci, kering",kacang uci
"kacang urei, kering",kacang urei
"kaholeo, masakan",kaholeo masakan
"kalakai, segar",kalakai segar
"kalio ayam, masakan",kalio ayam masakan
"kalio jeroan, masakan",kalio jeroan masakan
"kalio kikil (tunjang),  masakan",kalio kikil tunjang masakan
"kalio otak, masakan",kalio otak masakan
"kalio telur, masakan",kalio telur masakan
"kambing, daging,  segar",kambing daging segar
"kangkung, kukus",kangkung
"kangkung, rebus",kangkung
"kangkung, segar",kangkung segar
"kaparende, sayur",kaparende
"kapri muda, segar",kapri muda segar
"karedok, sayur",karedok
"kawista, segar",kawista segar
kecimpring singkong  goreng,kecimpring singkong
"kecipir muda, segar",kecipir muda segar
"kecombrang, segar",kecombrang segar
"kedondong masak,  segar",kedondong masak segar
"kedondong, segar",kedondong segar
keju kacang tanah  (peanut butter),keju kacang tanah peanut butter
"kelapa hutan, kering",kelapa hutan
"kelapa muda, air,  segar",kelapa muda air segar
"kelapa muda, daging,  segar",kelapa muda daging segar
"kelapa setengah tua,  daging, segar",kelapa setengah tua daging segar
"kelapa tua, daging,  segar",kelapa tua daging segar
"kelawi,kluwih, segar",kelawi kluwih segar
"kelepon, kue",kelepon kue
"kelinci, daging, segar",kelinci daging segar
"kemang, segar",kemang segar
kembang tahu rebus,kembang tahu
"kembang turi, segar",kembang turi segar
"kenari banda, kering",kenari banda
"kenari, kering",kenari
"kentang hitam, segar",kentang hitam segar
"kentang, segar",kentang segar
"keong, segar",keong segar
"kepala susu - krim,  segar",kepala susu krim segar
"kepiting, segar",kepiting segar
"kerang, asap, mentah",kerang asap mentah
"kerang, dendeng,  mentah",kerang dendeng mentah
"kerang, segar",kerang segar
"kerbau, daging, segar",kerbau daging segar
"keribang, ubi, segar",keribang ubi segar
keripik singkong  berbumbu,keripik singkong berbumbu
keripik tempe abadi  besar,keripik tempe abadi besar
keripik tempe abadi  murni,keripik tempe abadi murni
keripik tempe abadi  sedang,keripik tempe abadi sedang
keripik tempe abadi  telur,keripik tempe abadi telur
"kerokot, segar",kerokot segar
kerupik tempe abadi  prima,kerupik tempe abadi prima
kerupuk cumi goreng,kerupuk cumi
kerupuk kemplang   (ikan) mentah,kerupuk kemplang ikan mentah
kerupuk kemplang  goreng,kerupuk kemplang
kerupuk kemplang  panggang,kerupuk kemplang
kerupuk mie kuning  goreng,kerupuk mie kuning
kerupuk udang goreng,kerupuk udang
"kesemek, segar",kesemek segar
"ketan hitam, matang",ketan hitam matang
"ketan hitam, tapai",ketan hitam tapai
"ketan putih, matang",ketan putih matang
"ketan putih, tapai",ketan putih tapai
"ketan, ketupat",ketan ketupat
ketela pohon/  singkong kukus,ketela pohon singkong
"ketela pohon/  singkong, segar",ketela pohon singkong segar
"ketimun krai, segar",ketimun krai segar
"ketimun madura,  segar",ketimun madura segar
"ketimun, segar",ketimun segar
"ketumbar, kering",ketumbar
"kodok, segar",kodok segar
"kokosan, segar",kokosan segar
"komak polong, segar",komak polong segar
"komak, segar",komak segar
"kool merah,kool putih",kool merah kool putih
"koro andong, kering",koro andong
"koro benguk, biji,  kering",koro benguk biji
"koro kerupuk, biji,  segar",koro kerupuk biji segar
"koro kerupuk, polong",koro kerupuk polong
"koro loke, biji, segar",koro loke biji segar
"koro roay, kering",koro roay
"koro wedus, biji,  kering",koro wedus biji
"koro wedus, polong",koro wedus polong
kotiu hinela tawang  nggole,kotiu hinela tawang nggole
"kranji, segar",kranji segar
"kucai muda (lokio),  segar",kucai muda lokio segar
"kucai, segar",kucai segar
"kuda, daging, segar",kuda daging segar
"kundur, segar",kundur segar
"kunyit, segar",kunyit segar
"kura-kura, segar",kura kura segar
"kuro, segar",kuro segar
kwark (quark),kwark quark
"labu air, segar",labu air segar
"labu kuning, segar",labu kuning segar
"labu siam, segar",labu siam segar
"labu waluh, segar",labu waluh segar
laksa/putu mayang,laksa putu mayang
"lamtoro biji, muda,  segar",lamtoro biji muda segar
"lamtoro biji, tua,  segar",lamtoro biji tua segar
"lamtoro var, gung  tanpa kulit",lamtoro var gung tanpa kulit
"lamtoro var, lokal  dengan kulit",lamtoro var lokal dengan kulit
"langsat, segar",langsat segar
"lantar, segar",lantar segar
lapis legit,legit
"lawar babi, masakan",lawar babi masakan
"lawar penyu, masakan",lawar penyu masakan
"lawara jangang,  masakan",lawara jangang masakan
lema/ rebung asam,lema rebung asam
lemak babi (bacon),lemak babi bacon
lemak babi (lard),lemak babi lard
lemak kerbau (lemak  sapi),lemak kerbau lemak sapi
"lemon, segar",lemon segar
lepok/ubi rumput,lepok ubi rumput
"lobak, segar",lobak segar
"lokan, segar",lokan segar
"lontar, segar",lontar segar
"lumai/leunca, segar",lumai leunca segar
"maizena, tepung",maizena tepung
"makaroni, mentah",makaroni mentah
"mangga benggala,  segar",mangga benggala segar
"mangga gedung, segar",mangga gedung segar
"mangga golek, segar",mangga golek segar
"mangga harumanis,  segar",mangga harumanis segar
"mangga indramayu,  segar",mangga indramayu segar
"mangga kopek, segar",mangga kopek segar
"mangga kwini, segar",mangga kwini segar
"mangga manalagi,  segar",mangga manalagi segar
"mangga muda, segar",mangga muda segar
"mangga, segar",mangga segar
"manggis, segar",manggis segar
"markisa squash, bd",markisa squash bd
"markisa, segar",markisa segar
"matoa, segar",matoa segar
melinjo emping tebal  goreng manis,melinjo emping tebal manis
"melinjo emping tebal,  goreng asin",melinjo emping tebal asin
melinjo emping tipis  goreng,melinjo emping tipis
"melinjo, segar",melinjo segar
"melon, segar",melon segar
"menjangan, daging,  dendeng, mentah",menjangan daging dendeng mentah
"menteng, segar",menteng segar
"merica, kering",merica
mi kering,mi
mie aceh rebus,mie aceh
"minyak hiu, hati",minyak hiu hati
"model, masakan",model masakan
mostarda metan -sawi,mostarda metan sawi
"mujahir acar kuning,  masakan",mujahir acar kuning masakan
"naan maran sapi,  masakan",naan maran sapi masakan
"nanas palembang,  segar",nanas palembang segar
"nanas, segar",nanas segar
"nangka masak pohon,  segar",nangka masak pohon segar
"nangka muda, segar",nangka muda segar
"nangka, biji, segar",nangka biji segar
"nasu likku, masakan",nasu likku masakan
olah-olah,olah olah
oncom ampas kacang  hijau,oncom ampas kacang hijau
oncom kacang hijau +  singkong,oncom kacang hijau singkong
oncom kacang tanah  pepes,oncom kacang tanah
onde-onde,onde onde
ongol-ongol sagu,ongol ongol sagu
"oramu ninahu ndawa  olaho, masakan",oramu ninahu ndawa olaho masakan
paku hinela  wulelenggapaya,paku hinela wulelenggapaya
"pala, biji, kering",pala biji
"pala, daging, segar",pala daging segar
"paniki masak santan,  masakan",paniki masak santan masakan
"parede baleh,  masakan",parede baleh masakan
"paria putih, kukus",paria putih
"paria putih, segar",paria putih segar
"pelolah manuk,  masakan",pelolah manuk masakan
"pempek adaan,  masakan",pempek adaan masakan
"pempek belida,  masakan",pempek belida masakan
"pempek kapal selam,  masakan",pempek kapal selam masakan
"pempek kelesan,  masakan",pempek kelesan masakan
"pempek kulit,  masakan",pempek kulit masakan
"pempek telur,  masakan",pempek telur masakan
"pempek tenggiri,  masakan",pempek tenggiri masakan
"pencok lele, masakan",pencok lele masakan
"penyu, serapah,  masakan",penyu serapah masakan
"pepare ular, segar",pepare ular segar
"pepaya muda, segar",pepaya muda segar
"pepaya, segar",pepaya segar
pepea oncom ampas  tahu,pepea oncom ampas tahu
"petai, segar",petai segar
"peterseli, segar",peterseli segar
petis udang kering,petis udang
"pindang kenari,  masakan",pindang kenari masakan
"pisang ambon, segar",pisang ambon segar
"pisang angleng (pisang  ampyang), segar",pisang angleng pisang ampyang segar
"pisang ayam, segar",pisang ayam segar
"pisang gapi, segar",pisang gapi segar
"pisang goroho, segar",pisang goroho segar
"pisang hijau, segar",pisang hijau segar
"pisang kayu, segar",pisang kayu segar
"pisang kepok, segar",pisang kepok segar
"pisang ketip, segar",pisang ketip segar
"pisang kidang, segar",pisang kidang segar
"pisang lampung, segar",pisang lampung segar
"pisang mas bali  ampenan, segar",pisang mas bali ampenan segar
"pisang mas bali  kopang, segar",pisang mas bali kopang segar
"pisang mas, segar",pisang mas segar
"pisang raja sereh,  segar",pisang raja sereh segar
"pisang raja, segar",pisang raja segar
"pisang rotan, segar",pisang rotan segar
"pisang talas, segar",pisang talas segar
"pisang ua, segar",pisang ua segar
"pisang uli, segar",pisang uli segar
"pucuk lumai/daun  leunca, segar",pucuk lumai daun leunca segar
"punai, daging, goreng",punai daging
"purut, segar",purut segar
"putri malu, segar",putri malu segar
"rajungan, segar",rajungan segar
"rambutan binjai,  segar",rambutan binjai segar
"rambutan, segar",rambutan segar
rasbi (beras ubi),rasbi beras ubi
rasi (beras singkong),rasi beras singkong
"rawon, masakan",rawon masakan
"rebon, kering, mentah",rebon mentah
"rebon, udang kecil,  segar",rebon udang kecil segar
"rebung laut, mentah",rebung laut mentah
"rebung, segar",rebung segar
rempeyek kacang  tanah,rempeyek kacang tanah
"rendang sapi,  masakan",sapi masakan
renggi goreng,renggi
rica-rica taipa,taipa
"rimbang, segar",rimbang segar
roti warna sawo  matang,roti warna sawo matang
"rusa, daging,  dendeng, mentah",rusa daging dendeng mentah
"rw, anjing, masakan",rw anjing masakan
"saboko gurita,  masakan",saboko gurita masakan
"saboko saltan,  masakan",saboko saltan masakan
"saboko sardin,  masakan",saboko sardin masakan
"saga merah terkupas,  mentah",saga merah terkupas mentah
"sagu aren, kering",sagu aren
"sagu aren, segar",sagu aren segar
sagu lemak (kue  sagon),sagu lemak kue sagon
sagu rendang,sagu
"sagu singkong, kering",sagu singkong
"salak bali, segar",salak bali segar
"salak medan, segar",salak medan segar
"salak pondoh, segar",salak pondoh segar
"salak, segar",salak segar
"sale pisang, cilacap",sale pisang cilacap
santan (dengan air),santan dengan air
saos tomat,tomat
"sapi, abon",sapi abon
"sapi, abon, asli",sapi abon asli
"sapi, babat, segar",sapi babat segar
"sapi, daging, asap",sapi daging asap
"sapi, daging, dendeng,  mentah",sapi daging dendeng mentah
"sapi, daging, gemuk,  segar",sapi daging gemuk segar
"sapi, daging, kornet",sapi daging kornet
"sapi, daging, kurus,  segar",sapi daging kurus segar
"sapi, daging, lemak  sedang, segar",sapi daging lemak sedang segar
"sapi, daging, sosis  (worst)",sapi daging sosis worst
"sapi, daleman, segar",sapi daleman segar
"sapi, dideh/darah",sapi dideh darah
"sapi, ginjal, segar",sapi ginjal segar
"sapi, hati, sosis  (liverworst)",sapi hati sosis liverworst
"sapi, keleponan, segar",sapi keleponan segar
"sapi, liver, segar",sapi liver segar
"sapi, otak, segar",sapi otak segar
"sapi, paru, dendeng,  mentah",sapi paru dendeng mentah
"sapi, paru, goreng",sapi paru
"sapi, usus, segar",sapi usus segar
"saridele, bubuk",saridele bubuk
"sate pusut, masakan",sate pusut masakan
"sate, penyu, masakan",sate penyu masakan
"sawi putih / pecai,  segar",sawi putih pecai segar
"sawi taiwan, segar",sawi taiwan segar
"sawi tanah, segar",sawi tanah segar
"sawi, segar",sawi segar
"sawo duren, segar",sawo duren segar
"sawo kecik, segar",sawo kecik segar
"sawo manila, segar",sawo manila segar
sayur asem,asem
sayur bunga pepaya,bunga pepaya
sayur garu,garu
sayur kohu-kohu,kohu kohu
sayur lebui,lebui
sayur lilin-terubuk,lilin terubuk
sayur ndusuk,ndusuk
sayur umbut kelapa,umbut kelapa
sayur umbut rotan,umbut rotan
"selada air, segar",selada air segar
"selada, rebus",selada
"selada, segar",selada segar
"seledri, segar",seledri segar
"semangka, segar",semangka segar
semur jengkol,jengkol
"sente, talas, segar",sente talas segar
"sepi, masakan",sepi masakan
serimping talas  kebumen,serimping talas kebumen
shabu-shabu,shabu shabu
"sie reuboh, masakan",sie reuboh masakan
"sirsak, segar",sirsak segar
"sop buntut, masakan",buntut masakan
"sop daging sapi,  masakan",daging sapi masakan
"sop kaki sapi,  masakan",kaki sapi masakan
"sop kambing,  masakan",kambing masakan
"sop konro, masakan",konro masakan
"sop saudara, masakan",saudara masakan
"soto bandung,  masakan",bandung masakan
"soto banjar, masakan",banjar masakan
"soto betawi, masakan",betawi masakan
"soto jeroan, masakan",jeroan masakan
"soto kudus, masakan",kudus masakan
"soto madura,  masakan",madura masakan
"soto padang, masakan",padang masakan
"soto pekalongan,  masakan",pekalongan masakan
"soto pemalang,  masakan",pemalang masakan
"soto sukaraja,  masakan",sukaraja masakan
"soto sulung, masakan",sulung masakan
"sowa, segar",sowa segar
"srikaya, segar",srikaya segar
"sukiyaki, masakan",sukiyaki masakan
"sukun muda, segar",sukun muda segar
"sukun tua, segar",sukun tua segar
"susu asam untuk bayi,  bubuk",susu asam bayi bubuk
susu ibu - asi,susu ibu asi
"susu kambing, segar",susu kambing segar
"susu kerbau, segar",susu kerbau segar
"susu kuda, segar",susu kuda segar
"susu sapi, segar",susu sapi segar
"susu skim, bubuk",susu skim bubuk
"susu skim, segar",susu skim segar
"suweg, talas, kukus",suweg talas
"suweg, talas, segar",suweg talas segar
tahu goreng,tahu
"tahu, mentah",tahu mentah
"talas bogor, kukus",talas bogor
"talas bogor, segar",talas bogor segar
"talas pontianak, segar",talas pontianak segar
"talas viqueque, segar",talas viqueque segar
"taoge kacang  tunggak, segar",taoge kacang tunggak segar
"taoge kacang kedelai,  segar",taoge kacang kedelai segar
"taoge, goreng",taoge
"taoge, seduh",taoge seduh
"taoge, segar",taoge segar
"tauco cap beruang,  cake",tauco cap beruang cake
"tauco cap das, cake",tauco cap das cake
"tebu terubuk (lilin),  segar",tebu terubuk lilin segar
"tedong pallu basa,  masakan",tedong pallu basa masakan
teh hijau daun kering,hijau daun
teh hitam daun kering,hitam daun
teh melati daun  kering,melati daun
"tekokak, kering",tekokak
"tekokak, segar",tekokak segar
"tekwan, masakan",tekwan masakan
"telur aayam ras,  bagian putih, segar",telur aayam ras bagian putih segar
"telur ayam kampung,  segar",telur ayam kampung segar
"telur ayam ras, bagian  kuning, segar",telur ayam ras bagian kuning segar
"telur ayam ras, segar",telur ayam ras segar
"telur ayam, dadar,  masakan",telur ayam dadar masakan
"telur bebek alabio,  segar",telur bebek alabio segar
"telur bebek tambak,  segar",telur bebek tambak segar
"telur bebek, asin,  mentah",telur bebek asin mentah
"telur bebek, bagian  kuning, segar",telur bebek bagian kuning segar
"telur bebek, bagian  putih, segar",telur bebek bagian putih segar
"telur bebek, dadar,  masakan",telur bebek dadar masakan
"telur burung maleo,  segar",telur burung maleo segar
"telur burung puyuh,  segar",telur burung puyuh segar
"telur penyu, segar",telur penyu segar
tempe gembus p3g,tempe gembus p
tempe kacang  belimbing,tempe kacang belimbing
tempe kedelai +  jagung,tempe kedelai jagung
"tempe kedelai murni,  goreng",tempe kedelai murni
"tempe kedelai murni,  mentah",tempe kedelai murni mentah
"tempe lamtoro var,  gung dengan kulit",tempe lamtoro var gung dengan kulit
"tempe lamtoro var,  gung tanpa kulit",tempe lamtoro var gung tanpa kulit
tempe pasar goreng,tempe pasar
tepung hunkwe (pati  kacang ijo),tepung hunkwe pati kacang ijo
"tepung kentang,  kering",tepung kentang
tepung singkong/  tapioka,tepung singkong tapioka
"teri belado, masakan",teri belado masakan
"teripang, dendeng,  mentah",teripang dendeng mentah
"terong asam, segar",terong asam segar
"terong hintalo, segar",terong hintalo segar
"terong, segar",terong segar
"terung belanda, segar",terung belanda segar
"terung bengkulu,  segar",terung bengkulu segar
"terung panjang,  kukus",terung panjang
"tikus rica, masakan",tikus masakan
tinira ninahu  nggaluku,tinira ninahu nggaluku
"tinoransa, masakan",tinoransa masakan
tipa-tipa,tipa tipa
"tomat merah, segar",tomat merah segar
"tomat muda, segar",tomat muda segar
"tomat, air (sari), segar",tomat air sari segar
"tumis bandeng,  masakan",bandeng masakan
tumis bayam  bersantan,bayam bersantan
tumis keumamah,keumamah
"ubi jalar manis, segar",ubi jalar manis segar
"ubi jalar merah, segar",ubi jalar merah segar
"ubi jalar putih, segar",ubi jalar putih segar
ubi jalar tinta/  kemayung,ubi jalar tinta kemayung
ubi jalar tinta/  kemayung kukus,ubi jalar tinta kemayung
"ubi jalar, kuning,  kukus",ubi jalar kuning
"ubi jalar, kuning, segar",ubi jalar kuning segar
"uceng/ bunga melinjo,  segar",uceng bunga melinjo segar
"udang galah, segar",udang galah segar
"udang kering, mentah",udang mentah
"udang papay, mentah",udang papay mentah
"udang, besar, segar",udang besar segar
"udang, segar",udang segar
"ulat sagu, panggang",ulat sagu
"umbi uwi, segar",umbi uwi segar
"umbut kelapa, segar",umbut kelapa segar
"vigus, segar",vigus segar
"wani, segar",wani segar
"wijen, mentah",wijen mentah
woku ubi,ubi
"wortel, kukus",wortel
"wortel, rebus",wortel
"wortel, segar",wortel segar
"yoghurt, segar",yoghurt segar
